"id","password","email","FIO","role_id"
1,uzWC67,"94d5ous@gmail.com",Никифорова Весения Николаевна,1
2,"2L6KZG",uth4iz@mail.com,Сазонов Руслан Германович,1
3,JlFRCZ,yzls62@outlook.com,Одинцов Серафим Артёмович,1
4,"8ntwUp","1diph5e@tutanota.com",Степанов Михаил Артёмович,2
5,YOyhfR,tjde7c@yahoo.com,Ворсин Петр Евгеньевич,2
6,RSbvHv,wpmrc3do@tutanota.com,Старикова Елена Павловна,2
7,rwVDh9,"5d4zbu@tutanota.com",Михайлюк Анна Вячеславовна,3
8,LdNyos,ptec8ym@yahoo.com,Ситдикова Елена Анатольевна,3
9,gynQMT,"1qz4kw@mail.com",Ворсин Петр Евгеньевич,3
10,AtnDjr,"4np6se@mail.com",Старикова Елена Павловна,3
