"id","price","discount","count_store","description","artickle_id","category_id","name_id","photo_name_id","producer_id","provider_id","unit_mes_id"
1,4990,3.00,6,Женские Ботинки демисезонные kari,1,2,1,1,1,1,1
2,3244,2.00,13,"Ботинки Marco Tozzi женские демисезонные, размер 39, цвет бежевый",2,2,1,2,2,2,1
3,4499,4.00,5,"Туфли kari мужские классика MYZ21AW-450A, размер 43, цвет: черный",3,1,2,3,1,1,1
4,5900,2.00,8,Мужские ботинки Рос-Обувь кожаные с натуральным мехом,4,1,1,4,3,1,1
5,3800,2.00,16,B3430/14 Полуботинки мужские Rieker,5,1,1,5,4,2,1
6,4100,3.00,6,"129615-4 Кроссовки мужские",6,1,3,6,3,2,1
7,2700,2.00,14,"Туфли Marco Tozzi женские летние, размер 39, цвет черный",7,2,2,7,2,1,1
8,1890,4.00,4,"Полуботинки Alessio Nesca женские 3-30797-47, размер 37, цвет: бордовый",8,2,4,8,5,2,1
9,4300,2.00,6,"Туфли Rieker женские демисезонные, размер 41, цвет коричневый",9,2,2,9,4,1,1
10,2800,3.00,15,"Туфли kari женские TR-YR-413017, размер 37, цвет: черный",10,2,2,10,1,1,1
11,2156,3.00,6,"407700/01-01 Полуботинки мужские CROSBY",11,1,4,11,6,2,1
12,1800,2.00,14,"Полуботинки kari женские MYZ20S-149, размер 41, цвет: черный",12,2,4,11,1,1,1
13,5500,3.00,0,"Кеды Caprice мужские демисезонные, размер 42, цвет черный",13,1,5,11,6,2,1
14,2100,2.00,3,"407700/01-02 Полуботинки мужские CROSBY",14,1,4,11,6,2,1
15,5400,4.00,18,Туфли женские демисезонные Rieker артикул 55073-68/37,15,2,2,11,4,2,1
16,6600,12.00,9,Ботинки женские зимние ROMER арт. 893167-01 Черный,16,2,1,11,1,1,1
17,500,13.00,0,Тапочки мужские Арт.70701-55-67син р.41,17,1,6,11,1,1,1
18,2700,2.00,5,Мужские кожаные ботинки/мужские ботинки,18,1,1,11,4,2,1
19,6800,15.00,15,"Туфли женские, ARGO, размер 38",19,2,2,11,6,1,1
20,10200,15.00,9,"Ботинки женские, ARGO, размер 40",20,2,1,11,5,1,1
21,11800,15.00,11,Ботинки на молнии с декоративной пряжкой FRAU,21,2,1,11,4,2,1
22,4600,3.00,13,"Полуботинки Ботинки черные зимние, мех",22,2,4,11,6,1,1
23,12400,16.00,5,Туфли Luiza Belly женские Kate-lazo черные из натуральной замши,23,2,2,11,1,1,1
24,9900,17.00,15,"Мужские кожаные тапочки ""Профиль С.Дали"" ",24,1,6,11,6,2,1
25,1700,2.00,7,"Полуботинки kari женские WB2020SS-26, размер 38, цвет: черный",25,2,4,11,1,1,1
26,2800,18.00,3,Кроссовки мужские TOFA,26,1,3,11,4,2,1
27,4399,3.00,12,"Туфли Rieker женские демисезонные, размер 36, цвет коричневый",27,2,2,11,4,2,1
28,4699,2.00,5,Сапоги замша Цвет: синий,28,2,7,11,6,1,1
29,599,20.00,2,Тапочки мужские син р.41,29,1,6,11,4,1,1
30,2300,2.00,7,Женские Ботинки демисезонные,30,2,1,11,4,2,1
